<?xml version="1.0" encoding="ISO-8859-1" ?>
<Bookstore>
<book1>
<Author>R.J.Ketan</Author>
<Price>$50</Price>
<Category>Science</Category>
<Name>Physics</Name>
</book1>
<book2>
<Author>R.J.Dev</Author>
<Price>$30</Price>
<Category>Maths</Category>
<Name>Statistics</Name>
</book2>
<book3>
<Author>K.B.Meet</Author>
<Price>$35</Price>
<Category>Science</Category>
<Name>Chemistery</Name>
</book3>
<book4>
<Author>M.A.Afiya</Author>
<Price>$40</Price>
<Category>Science</Category>
<Name>Biology</Name>
</book4>
</Bookstore>